studentID,name,gender,dob
1,Werner Hollows,Male,11/9/1997
2,Martica MacRanald,Female,10/18/2000
3,Orlan Epp,Genderqueer,10/24/1991
4,Hamid Atkirk,Male,7/18/1994
5,Shepard Blewitt,Male,3/23/1998
6,Bent Bownd,Male,1/17/1999
7,Alika Healy,Female,8/31/1990
8,Lloyd de Broke,Male,4/14/1991
9,Dotti Penniell,Female,11/11/2001
10,Odelinda Layfield,Female,7/9/1991
11,Ivy Wozencroft,Female,7/6/2001
12,Ryun Ebi,Male,5/24/1990
13,Nessie Meenehan,Female,9/23/2005
14,Traci Sein,Female,6/28/2005
15,Yasmin Caldron,Female,7/28/1996
16,Jedediah Sinnatt,Male,11/10/1992
17,Zane Leving,Male,4/18/1997
18,Corie Huskisson,Female,7/22/1997
19,Cathleen Burgh,Female,2/23/2001
20,Gipsy Cockayne,Female,2/22/2001
21,Gerardo Byham,Male,2/22/1997
22,Rosanna Bawme,Female,6/6/1992
23,Thaddeus Deakin,Male,7/6/1994
24,Nappy Mowbray,Male,11/16/2003
25,Kristos Henden,Male,9/27/1999
26,Joshia Gorden,Male,1/23/1999
27,Harri De Giorgio,Female,1/23/2000
28,Twila Veque,Female,1/31/1991
29,Noak Frankema,Male,8/2/2001
30,Anabel Ghiotto,Female,10/14/1990
31,Lorianna Shepeard,Bigender,8/24/1996
32,Mathian Bellerby,Male,7/23/2002
33,Odella Pluck,Female,3/23/1996
34,Daffi Boutton,Female,3/5/1994
35,Cathy Soots,Female,5/23/1993
36,Dolph McArdell,Male,12/8/2004
37,Dionysus De Meis,Male,7/14/1990
38,Tildy Absalom,Female,3/2/1993
39,Reece Dunklee,Male,1/23/1991
40,Porter Bennington,Male,7/24/1993
41,Daryn Desporte,Female,10/10/2001
42,Hobey Woolaston,Male,12/10/1999
43,Ronny O'Kynsillaghe,Male,10/23/1997
44,Leonardo Hows,Male,12/15/2000
45,Dorri Illyes,Female,7/22/1995
46,Rafaelita Fawckner,Female,11/22/1994
47,Cora Lofthouse,Female,12/17/1997
48,Davidson Elt,Male,7/4/1990
49,Dominik McKee,Male,2/27/2001
50,Tilda MacKellar,Female,12/15/1991
51,Larissa Deans,Female,7/4/1998
52,Cleve Cusack,Male,4/15/1998
53,Frederico Addess,Male,10/8/1993
54,Nevsa Simper,Female,8/12/1995
55,Clerissa Grigolon,Female,4/22/2004
56,Pattin Snodin,Male,1/16/2002
57,Gasper Tolley,Male,10/5/1999
58,Fraze Linneman,Male,5/6/2003
59,Dell Rosendale,Male,6/19/1998
60,Whitney Paybody,Female,9/10/1990
61,Aksel Baile,Male,5/4/1993
62,Shay Bradly,Female,9/8/2003
63,Elroy Piccard,Male,8/2/2001
64,Agosto Deakin,Male,2/1/1995
65,Irvin Kovalski,Male,1/8/1993
66,Yehudi Huortic,Male,12/8/1992
67,Irving Collens,Male,5/20/1991
68,Mala Goede,Female,12/20/1994
69,Alwin Langlais,Male,12/21/1991
70,Celene Lines,Female,7/22/1992
71,Linnea Nethercott,Female,2/16/2001
72,Earvin Jobern,Male,4/17/1997
73,Karole Aindrais,Female,6/2/1993
74,Elka De Fries,Female,6/12/1999
75,Doloritas Mebius,Genderqueer,9/17/1997
76,Erie Daughton,Male,3/15/2001
77,Halli Perle,Female,11/13/2002
78,Herrick Alu,Male,11/11/1992
79,Darb Ragg,Female,7/11/1992
80,Brant Fair,Male,9/4/1991
81,Hilliary Gipp,Female,4/13/1992
82,Yves Hawkridge,Male,2/27/1991
83,Olivette OIlier,Female,3/6/1994
84,Case Langthorne,Male,3/23/1999
85,Elyse Torrejon,Female,3/23/1993
86,Caryn Riply,Female,1/8/1998
87,Isak Merck,Male,12/14/1992
88,Brandy Enga,Male,4/16/1991
89,Osbourne Beresfore,Male,3/12/1994
90,Lucienne Stit,Female,9/2/2005
91,Mel Penrice,Agender,12/1/2000
92,Gilda Pioli,Female,11/7/1999
93,Sebastian Fusco,Male,1/20/2005
94,Clayton Edards,Male,4/8/2001
95,Goober Oxtoby,Male,1/23/2000
96,Jordan Hanby,Male,11/19/1996
97,Manolo Novill,Male,9/29/1992
98,Tomasina Bartos,Female,2/17/2000
99,Marietta Goodburn,Agender,10/16/2002
100,Kearney Gissing,Male,7/28/1990
101,Briney Shepton,Female,3/10/2000
102,Linus Imbrey,Male,2/5/2003
103,Garrot Ethelstone,Male,7/29/1992
104,Wendye Nare,Female,2/12/2002
105,Cherey De Ferraris,Female,7/11/2003
106,Launce Northedge,Male,2/7/1996
107,Olenolin Fidele,Male,10/4/2001
108,Bearnard Halladey,Male,4/18/1996
109,Ase O'Leary,Genderfluid,6/27/1992
110,Ebony Monelle,Female,9/7/1994
111,Cherri O'dell,Female,8/10/1999
112,Barnabas Shoubridge,Male,3/2/1994
113,Chaddy Swetenham,Male,8/6/1993
114,Benedikt Pettegre,Male,7/6/1991
115,Enoch Deas,Male,11/14/2004
116,Avram Ellis,Male,12/13/2005
117,Dyana Ishaki,Female,7/21/1995
118,Bendick Prestland,Male,4/14/1991
119,Toinette Willox,Female,4/23/2001
120,Tess Sandyford,Female,7/22/1994
121,Ceil Beedle,Female,7/28/1991
122,Billy Ambrogelli,Male,11/28/1996
123,Field Adamski,Male,7/8/1992
124,Nedi Larwell,Female,2/7/1990
125,Mabelle Reading,Female,8/3/2003
126,Georges Dibling,Male,10/11/1993
127,Dorena Salzberger,Female,6/2/2003
128,Derrek Maris,Genderqueer,5/9/1990
129,Erena Spellicy,Female,10/9/1990
130,Lauretta de Wilde,Female,10/5/1996
131,Hall Naismith,Male,7/18/1996
132,Winnifred Krauss,Female,4/23/2004
133,Nathanial Cordery,Male,2/23/2005
134,Indira Gellert,Female,8/5/1994
135,Lyndsay Jarritt,Female,10/1/2004
136,Fredrika Mawne,Female,7/21/1999
137,Ermina Pykett,Female,6/11/1994
138,Patrizio Throughton,Male,1/14/2000
139,Bendite Frenzl,Female,2/9/2004
140,Standford Stobbie,Male,11/13/2000
141,Gerti Sutterfield,Female,2/14/2000
142,Thebault Caitlin,Male,4/16/1995
143,Brett Buttwell,Female,3/25/1990
144,Guilbert Haydon,Male,1/13/2005
145,Urbanus Jephcott,Male,5/14/1994
146,Neill Lanchbury,Male,7/22/1995
147,Alyssa Blunden,Female,9/23/1997
148,Theadora Scaife,Female,5/11/1999
149,Adlai Cussons,Male,11/13/2000
150,Babbette Battye,Female,4/13/1999
151,Charity Kybbye,Female,4/17/1990
152,Olva Fishbourn,Female,2/1/2005
153,Stephie Ternault,Female,10/31/1998
154,Esme Bingley,Female,12/23/1994
155,Zorah Myall,Female,5/3/1996
156,Gilligan Isoldi,Female,4/1/1999
157,Phyllida Eddis,Female,10/23/2002
158,Odetta Bendan,Female,12/27/1995
159,Dionysus Hobgen,Male,3/27/2001
160,Darda Harrowing,Female,8/9/1991
161,Adrianna Wynter,Female,10/18/2003
162,Cindie Myerscough,Female,6/2/1992
163,Barb Daughton,Female,1/7/2001
164,Joshuah Woolam,Male,10/28/1991
165,Melvyn Forster,Male,7/4/1992
166,Crichton Tuminelli,Male,10/8/2001
167,Donnajean Whittlesea,Female,6/7/2005
168,Babette Brunger,Female,5/31/1994
169,Olia Pendrey,Female,2/2/1998
170,Sergei Calbrathe,Male,12/13/2003
171,Guendolen Amsden,Female,9/11/1998
172,Mathew Lindegard,Male,6/25/1997
173,Quintus McKeand,Male,5/18/1993
174,Doe Soles,Female,2/11/1991
175,Filmer Garshore,Male,2/16/1999
176,Bride Sparwell,Female,6/30/1992
177,Valle Burleton,Genderqueer,9/28/1995
178,Aldwin Bamsey,Male,3/13/1999
179,Adrien Goodfellow,Male,10/23/1997
180,Claire Hallan,Female,2/18/1993
181,Jimmy Terry,Male,12/23/1999
182,Vin Fechnie,Male,7/14/2003
183,Padget Whitecross,Male,11/18/1994
184,Kalli Mogey,Female,2/4/2002
185,Emmery Braune,Male,12/31/2002
186,Geoffry Whitely,Male,4/22/1993
187,Laetitia Luety,Female,4/13/2001
188,Ozzie Artindale,Polygender,3/27/1991
189,Carita Doudny,Female,4/22/1997
190,Selena Nicholas,Female,7/16/1994
191,Samuele Setterthwait,Male,7/23/2005
192,Ansel Luparto,Male,12/2/1999
193,Karia Eyres,Female,7/3/1993
194,Hermie Purnell,Male,10/26/2004
195,Nat Tawton,Female,11/1/1990
196,Rosco Land,Male,10/1/2002
197,Quintilla De Benedictis,Female,3/8/2001
198,Fair Taillard,Male,4/1/1991
199,Melany Farrants,Female,11/1/2003
200,Garvin Shine,Male,4/20/1995
201,Ophelia Dumbrell,Female,7/5/1999
202,Corinna Curnnok,Female,7/29/1994
203,Thorny Valance,Male,8/31/1994
204,Anders Oliphard,Agender,4/4/1999
205,Lacey Marusik,Female,11/25/1998
206,Jennica Wandless,Genderqueer,8/29/2000
207,Feodor Ferryman,Male,11/19/2000
208,Carney Ledgister,Male,7/1/2004
209,Clare Onraet,Male,5/28/1993
210,Isadore Glas,Male,8/22/1993
211,Darcie Geering,Female,8/6/2003
212,Alastair Blanpein,Male,1/4/2002
213,Abe Sharvell,Male,5/23/1997
214,Scarlett Gunda,Female,10/15/1994
215,Yolanda Cawcutt,Female,4/25/1992
216,Farrah Hallewell,Polygender,1/23/1994
217,Alaster Hefforde,Male,4/17/1994
218,Sallee Ayrton,Female,8/19/2002
219,Alair Bragger,Male,8/13/1993
220,Marjory Rubinsky,Female,2/9/2000
221,Jerrilee Cullon,Female,11/16/1994
222,Orland Eate,Male,11/21/2001
223,Wolf Durn,Male,7/28/1995
224,Farra Chard,Female,1/5/1993
225,Marilin Radleigh,Female,10/20/2002
226,Jodie Blanch,Male,2/7/1994
227,Maurita Highwood,Female,8/6/2002
228,Crista Orae,Female,8/21/1995
229,Adrianna Collopy,Agender,2/16/2000
230,Karly Crampton,Female,12/17/2002
231,Waverly McEntegart,Male,2/14/1995
232,Yolande Rhodes,Female,5/18/2005
233,Susie Percy,Bigender,1/25/1997
234,Delora Rodliff,Female,4/21/1990
235,Archambault Hamson,Male,7/28/1997
236,Ladonna Muncer,Bigender,1/29/2002
237,Antin Parkes,Male,6/7/2001
238,Caz Loveman,Male,8/10/1996
239,Teodora Danilewicz,Female,7/16/2003
240,Germana Stitch,Female,5/11/1991
241,Robin Warmington,Male,11/27/1997
242,Frederigo Grimsdyke,Male,2/21/2003
243,Arny Cuppleditch,Male,2/8/1993
244,Lena Davidovitch,Female,2/1/1997
245,Guenna Gussie,Female,1/18/1991
246,Reeba Maxwaile,Female,5/7/1995
247,Garvy Diggles,Male,7/20/2000
248,Dov Smale,Male,9/5/1994
249,Alissa Bauduin,Non-binary,5/27/2000
250,Kimmi Worham,Female,4/3/1994
251,Erek Ratledge,Male,7/2/1996
252,Imelda Jaycock,Female,2/15/1998
253,Edythe Seemmonds,Genderfluid,9/14/1997
254,Nessie Defraine,Female,5/25/1995
255,Giovanna Beernaert,Female,12/25/1993
256,Currie Asipenko,Male,11/14/1992
257,Kari Lebourn,Female,2/29/2000
258,Klarika Akroyd,Female,6/12/2005
259,Krysta Basile,Female,5/17/1998
260,Ephrayim Kierans,Male,5/8/1991
261,Janka Cooley,Female,10/11/2002
262,Leda Ewols,Genderfluid,10/1/1996
263,Arin Rosina,Male,1/1/2001
264,Cordie Geist,Female,7/30/1999
265,Terrance Endean,Male,11/15/2001
266,Iseabal Hartwell,Female,7/19/1996
267,Humfrey Philippart,Male,4/3/2001
268,Glynda Capelow,Female,3/5/2003
269,Lonna Helleckas,Female,5/31/2001
270,Nikolaus Jeaycock,Male,10/22/2005
271,Eartha Belcham,Female,5/14/2002
272,Gratia Widdowes,Female,9/30/1994
273,Ambrosius Juliff,Male,10/15/2003
274,Neilla Downton,Female,8/24/1999
275,Orelle Fleming,Female,11/2/2005
276,Vilma Benner,Female,9/15/1995
277,Geoffry Hallitt,Male,5/17/2002
278,Kandy Mac Geaney,Female,9/8/2000
279,Tabbitha Ffrench,Female,6/17/1996
280,Boothe Goudie,Male,1/31/2000
281,Waldo Gres,Male,3/26/2002
282,Jonas Weal,Male,10/10/1994
283,Rosemary Whyatt,Female,7/9/1994
284,Maxwell Tilte,Male,1/3/1999
285,Odey Pallatina,Male,12/23/2002
286,Ronny Brommage,Female,3/21/1991
287,Giusto Pleasance,Male,9/9/2004
288,Olia Cudmore,Female,8/10/2004
289,Shay Probin,Male,12/5/1999
290,Christina Dikes,Female,1/26/1993
291,Wittie Swindall,Male,10/23/1992
292,Lonnie Toft,Male,12/16/1990
293,Annetta Seven,Female,6/5/1992
294,Turner Buttwell,Male,7/4/1999
295,Dallon Pickard,Male,1/15/2005
296,Min Dyos,Female,7/31/1991
297,Charmine Burth,Female,6/9/2003
298,Gardiner Macconachy,Male,6/11/2004
299,Robbert Fieldsend,Male,10/18/1999
300,Sal Labbey,Male,5/27/1992
301,Clarissa Urpeth,Female,1/9/1996
302,Sophronia Blease,Female,6/25/1998
303,Berkie Grutchfield,Male,10/24/2004
304,Mary Medlicott,Female,1/12/2005
305,Ilka Maggiori,Female,3/10/1991
306,Bee Sentinella,Female,7/26/2003
307,Horatia Hickisson,Female,4/10/2001
308,Marlon Croysdale,Male,2/24/1990
309,Carlin Larkins,Male,2/20/1993
310,Cathie Crolla,Female,11/1/1995
311,Pyotr Stile,Male,3/15/2001
312,Vallie Ploughwright,Female,4/23/1994
313,Harlan Caurah,Genderfluid,2/8/1991
314,Erskine Rennles,Genderfluid,6/11/1992
315,Mallissa Roset,Non-binary,7/10/1994
316,Tomas Suermeiers,Male,7/1/1991
317,Giovanni Beere,Male,1/18/1999
318,Melitta Kitchener,Female,12/1/2001
319,Dorthy de Merida,Female,7/14/1995
320,Kevan Scambler,Male,2/2/1992
321,Fons Gurery,Male,7/13/2002
322,Ado Aumerle,Male,12/16/1999
323,Marthe Schwandermann,Female,5/30/1999
324,Beau Oldrey,Male,12/7/2005
325,Gawain Camellini,Genderqueer,3/11/2000
326,Jackquelin Moss,Female,4/1/2001
327,Raquela Lambis,Female,5/11/1997
328,Jana Lob,Female,8/7/1990
329,Margarita Geldeford,Female,10/10/1993
330,Janos Shaves,Male,1/22/2002
331,Tasha Buggy,Non-binary,3/31/1993
332,Gilberta Millott,Female,1/2/1992
333,Ebonee Maffioni,Genderqueer,10/24/1993
334,Minnie Spera,Female,1/28/1994
335,Franciskus Bridgewater,Male,3/28/1990
336,Adelheid Balk,Female,6/21/1998
337,Tamar Blakeborough,Female,5/14/1991
338,Tove Cud,Female,4/14/1992
339,Oswald Sheircliffe,Male,9/15/2003
340,Wilona Ordelt,Female,9/7/2004
341,Ardyce Pieroni,Polygender,5/5/2000
342,Otes Holberry,Male,7/22/1999
343,Quint Stout,Male,3/11/1995
344,Colman Clinch,Male,9/25/1991
345,Lulita Novkovic,Female,5/5/1995
346,Ashlan Zorzoni,Female,12/28/1995
347,Sidonia Laird-Craig,Female,9/12/2003
348,Neddy Marzello,Male,9/2/1997
349,Tamqrah Painter,Female,8/27/1998
350,Betta Cutridge,Female,10/27/2005
351,Jammal Imison,Male,7/25/2003
352,Maible Dies,Polygender,4/6/1991
353,Boris De Biasio,Male,11/16/1995
354,Zondra Basill,Female,2/7/1998
355,Wilie Destouche,Female,8/3/1993
356,Barnebas Grigoliis,Male,11/25/2002
357,Rudyard Shopcott,Male,10/15/1994
358,Joscelin Battleson,Female,7/22/2004
359,Harlene Conrart,Female,10/11/1994
360,Idalina Haugen,Female,5/21/2000
361,Madelin Hannigane,Female,12/4/1996
362,Niko Kermeen,Male,3/30/1995
363,Daven Winteringham,Male,9/26/1994
364,Jacobo Aughtie,Male,7/18/2005
365,Tabb Iacapucci,Male,7/19/1997
366,Dollie Webling,Female,7/6/1990
367,Trumann Doram,Male,5/31/2000
368,Rodd Gammage,Male,4/8/1994
369,Nancee Iggulden,Non-binary,4/4/1992
370,Georgianna Kreuzer,Female,10/2/1999
371,Saleem Laurant,Male,6/1/1995
372,Nicola Luciano,Female,9/14/1994
373,Britte Skade,Female,11/7/2000
374,Doralyn Boundey,Female,2/6/2005
375,Ashlen Glentworth,Female,9/28/1999
376,Lillis Wolton,Female,5/23/1996
377,Stearne Rutherford,Agender,5/3/1996
378,Randy Munt,Male,9/7/1991
379,Ronnie Boycott,Male,6/12/1992
380,Wenonah Morhall,Female,3/4/2005
381,Rafaela Scrivenor,Female,6/8/1990
382,Morgun Fitchett,Male,3/28/2004
383,Sidney Beamish,Genderqueer,10/15/2002
384,Doralia Scarrisbrick,Female,4/22/1998
385,Ellen Grigaut,Female,6/7/2002
386,Westleigh Cardero,Non-binary,4/12/2001
387,Desiree Caroline,Female,2/25/2004
388,Gilberto Woodward,Non-binary,5/30/1998
389,Camille Norrey,Female,3/18/2004
390,Barnie Grene,Male,6/29/2004
391,Harwilll Zanioletti,Male,8/24/2002
392,Lettie Popping,Female,9/16/2001
393,Waring Bentley,Polygender,8/17/1997
394,Harmonia Bakesef,Female,2/13/1999
395,Bronson Thorwarth,Male,7/18/1991
396,Cindra Syphus,Female,1/22/1994
397,Fredrick Dauncey,Male,2/1/2002
398,Red Croce,Male,10/1/2003
399,Jacenta Hardingham,Bigender,7/23/1990
400,Ddene Fontelles,Female,6/24/2000
401,Bernadene Cocksedge,Female,12/18/1994
402,Norrie Seivertsen,Male,12/12/2002
403,Corbin Laval,Male,7/4/2000
404,Palmer Inch,Male,4/13/1992
405,Vance Dunster,Male,12/17/1997
406,Loree Barthelmes,Female,3/13/2005
407,Bernadene Bilverstone,Female,10/15/1998
408,Lory Brithman,Female,1/14/2003
409,Valle Averall,Male,11/27/1993
410,Goraud Webster,Male,12/16/1997
411,Romona Golling,Female,11/21/1990
412,Mylo McGillivrie,Male,1/4/1991
413,Bibby Shearman,Female,2/10/1996
414,Raddy Melia,Male,12/14/1994
415,Raina Filinkov,Female,11/10/1991
416,Tallie Badham,Male,4/2/2001
417,Zorine Chalfont,Bigender,8/1/2003
418,Gilles Sibbit,Male,9/28/2005
419,Fran Baldetti,Male,12/24/1998
420,Lynnett Waddams,Female,9/20/2001
421,Saunder Rubi,Male,12/26/1994
422,Darius Hakeworth,Male,10/10/1993
423,Lindsey Meiklam,Female,9/9/2001
424,Mercedes Itzcovich,Female,8/25/1994
425,Prinz Windless,Male,9/21/1990
426,Burr Thompstone,Male,10/1/1998
427,Rahel Younghusband,Non-binary,6/6/2004
428,Ferdinand Zorzoni,Male,7/29/2003
429,Wendell Phelipeaux,Male,1/31/2001
430,Alva Garvan,Bigender,4/16/1990
431,Gustaf Mushet,Male,9/19/1990
432,Ryley Herculson,Male,6/7/2003
433,Shannan McIlmurray,Male,7/28/1994
434,Petunia Carle,Female,6/20/1994
435,Gwenny Creek,Genderqueer,10/18/2002
436,Sal Brockington,Female,12/3/2005
437,Ebony Lumsdon,Female,1/14/1997
438,Durand Rawcliff,Agender,2/2/1997
439,Pail Aleso,Male,1/26/2003
440,Karie Ambrodi,Female,2/12/2005
441,Cordelia Capron,Female,9/24/1993
442,Olimpia D'Agostino,Female,10/31/1990
443,Annalee Gilding,Female,8/11/1999
444,Andres Ludlow,Male,2/17/1999
445,Caryl Jays,Male,5/28/2002
446,Grover Caff,Male,11/2/1990
447,Retha Prinnett,Female,8/9/1992
448,Lynette Doig,Female,5/29/1993
449,Victoir Dobrowski,Male,2/7/2004
450,Horst Spinello,Male,1/20/1992
451,Fletcher Gradwell,Male,1/4/1995
452,Reid Andor,Male,4/3/1993
453,Jazmin Stallon,Female,3/31/1991
454,Olenolin Dragge,Male,5/23/2004
455,Homerus Tuson,Male,3/2/2000
456,Andonis Dickerline,Male,7/17/1998
457,Lorna Pacitti,Female,11/21/1992
458,Lilias Hammerberger,Female,2/21/2005
459,Tymothy Musslewhite,Male,5/10/2005
460,Dalli Toope,Male,11/18/1993
461,Mervin Frondt,Male,7/28/1996
462,Bucky Purdey,Male,7/3/2000
463,Nicolas Sperwell,Male,10/29/1994
464,Harriett Sharpous,Female,1/25/1990
465,Sebastien Bond,Male,6/21/1990
466,Ange Villalta,Male,3/11/2004
467,Janice Itzhaki,Female,5/11/1992
468,Peggi Rainsden,Female,1/23/1993
469,Caryn Sauter,Female,11/29/2002
470,Lia Goodings,Female,5/24/2000
471,Kristine Leuren,Female,4/19/2005
472,Georgette Paff,Female,12/28/2000
473,Tracie Terrell,Female,8/25/1995
474,Demetris Fierman,Female,10/3/2001
475,Legra Gravet,Female,4/29/1994
476,Jud Wyd,Male,3/11/2004
477,Coretta Garratty,Female,3/15/1993
478,Jarib Gerretsen,Male,4/25/1998
479,Britni Savege,Female,5/13/1995
480,Sharona Iacovuzzi,Female,4/5/1992
481,Sidonnie McCourtie,Female,4/20/2005
482,Freddy Cufley,Female,7/31/1997
483,Karon Grocock,Female,6/12/1992
484,Gram Milberry,Non-binary,2/20/2002
485,Cathrine Khan,Female,1/12/2001
486,Chryste Robrose,Female,8/27/1999
487,Ingar Klaassens,Male,10/9/1990
488,Germaine Fitter,Female,6/6/1998
489,Dori Braywood,Female,12/21/1995
490,Baxy McLise,Male,7/22/2001
491,Debor Tredinnick,Female,5/31/1996
492,Ramonda Kear,Female,12/26/1992
493,Kahaleel Hadlee,Male,8/11/1993
494,Blaine Ginty,Genderfluid,3/20/2005
495,Nadine Hobden,Female,7/25/1993
496,Brett Hewkin,Female,10/15/2005
497,Dotti McCrackan,Female,12/25/2000
498,Cynthia Thomesson,Female,12/20/2001
499,Thomasin Toward,Female,3/28/2001
500,Dredi Eshelby,Female,6/15/1997
501,Yves Szubert,Male,11/9/2002
502,Maria Scoterbosh,Female,8/2/1997
503,Adel Seivwright,Female,11/25/2005
504,Kathi Sebrens,Female,8/30/2001
505,Marline Newgrosh,Female,2/10/1995
506,Selena Gitting,Female,2/1/2005
507,Nicolais Wiltshier,Male,4/1/2003
508,Giorgia Cornbell,Female,1/18/2000
509,Dusty Palethorpe,Female,8/14/1994
510,Magdalena Saintpierre,Female,10/6/2000
511,Katy Cloney,Female,8/8/1996
512,Fonzie Venable,Male,4/19/1993
513,Edvard Tredgold,Male,11/11/2002
514,Carce Bruffell,Male,6/16/1999
515,Patrizia Evershed,Female,3/2/2003
516,Milli Spinage,Female,11/15/1998
517,Franny Bannerman,Male,2/5/1992
518,Brigit Skillern,Female,10/22/1998
519,Lurlene Gaymer,Female,4/1/1991
520,Gusta Bisterfeld,Female,1/21/2003
521,Sophronia Clegg,Female,11/25/1996
522,Christabel MacAnellye,Female,5/18/2001
523,Morley Rushford,Male,9/6/2001
524,Christophorus Rehor,Male,12/28/2000
525,Tadd Gentil,Bigender,7/19/1994
526,Merrilee Tomasicchio,Female,6/9/1998
527,Arvie Kench,Male,11/11/1996
528,Wesley Outibridge,Male,3/29/2002
529,Glynda Fawdrey,Female,8/3/2000
530,Kennan Sommerscales,Male,9/29/1990
531,Royal Oldfield,Male,4/17/1991
532,Putnem Chiddy,Male,5/14/1990
533,Cirillo Chinnock,Male,4/18/1994
534,Alysa Killgus,Female,12/10/1993
535,Kathe Brandham,Female,5/20/2002
536,Nikolaus Heighway,Male,12/7/2001
537,Cicily Rudland,Female,10/30/1996
538,Muriel Hardeman,Female,7/10/1996
539,Vassily Hourihane,Male,1/1/2003
540,Joyan Notti,Female,3/12/2003
541,Cozmo Doud,Male,2/22/2000
542,Therese Blaby,Female,2/20/1998
543,Sheena Hukins,Female,10/12/1993
544,Lauralee Samweyes,Female,12/5/1998
545,Constantia Renne,Female,12/7/2003
546,Rube Samworth,Agender,12/3/2002
547,Barbee Blamphin,Female,4/11/1995
548,Saree Gammidge,Bigender,9/21/2004
549,Menard Whaplington,Male,10/23/2005
550,Barnett Redmond,Male,3/27/1996
551,Linn Weinham,Male,5/27/2003
552,Abigale Pendred,Female,1/23/2003
553,Perkin Bittleson,Polygender,1/29/2002
554,Melania Cheshire,Female,10/24/2005
555,Valentine Marler,Female,3/18/1999
556,Yevette Novakovic,Female,3/5/2004
557,Jordon Trebbett,Non-binary,6/15/1992
558,Celka Corbie,Female,1/11/2005
559,Rozanne Prozillo,Female,7/10/1990
560,Sidney Hamber,Male,4/26/2001
561,Cullan Cain,Male,4/29/1995
562,Lazaro Lowery,Male,9/13/1998
563,Cary Leaf,Female,1/11/1995
564,Minny Grindall,Bigender,3/25/1999
565,Harvey Brixham,Male,11/28/1992
566,Gerianne Southward,Female,3/5/1995
567,Bonnie Keller,Female,6/22/2001
568,Sinclair Haversham,Male,10/4/1991
569,Melisenda Mattevi,Female,2/6/1999
570,Engracia Alecock,Female,6/24/2001
571,Danie Eykel,Male,6/12/1996
572,Neron Notman,Male,4/23/2003
573,Lewie Da Costa,Male,6/29/2000
574,Suzette Andrey,Female,10/16/1991
575,Katy Abbatt,Female,8/22/1996
576,Elberta Uvedale,Female,9/9/1993
577,Georgine Pipe,Female,6/16/2001
578,Helge Boldt,Female,3/4/2000
579,Alberik Sheeran,Male,1/10/1996
580,Daphne Lingwood,Female,3/12/2002
581,Fredi Hylands,Female,4/3/1995
582,Cordy Semrad,Male,5/29/1994
583,Muffin Curless,Male,10/18/2004
584,Giulio Tapin,Male,9/26/1992
585,Travers Bertenshaw,Male,5/29/1998
586,Abbie Sorey,Male,8/10/1995
587,Cross Mulhill,Male,1/10/1994
588,Gordon Bandiera,Male,8/25/1992
589,Cherise Firidolfi,Female,12/20/1990
590,Allx Gretham,Female,1/7/2000
591,Kathleen Smitton,Female,5/16/2003
592,Meris Leare,Female,5/2/2002
593,Etti Quantrill,Female,9/10/2003
594,Laurette Bree,Female,8/22/2004
595,Sylvester Cokly,Male,1/6/1990
596,Irving Cleveley,Male,11/9/1992
597,Tally McLardie,Male,7/25/2005
598,Stacy Carnoghan,Male,1/10/1991
599,Ysabel Angrock,Non-binary,4/27/1993
600,Tedman Blowfelde,Male,4/26/1992
601,Marrissa Weymouth,Female,10/4/1995
602,Lorianne Loncaster,Female,9/15/1997
603,Merill Gaskall,Male,4/6/1994
604,Mallory Gerin,Female,11/27/2001
605,Birdie O'Shiel,Female,1/1/1996
606,Stefano Tulloch,Agender,6/3/1992
607,Tiena Siggs,Female,9/22/1994
608,Nevins Mucillo,Agender,2/6/2003
609,Monte Tsarovic,Male,6/28/1992
610,Othilie Hemphall,Female,11/15/2003
611,Berton Winfrey,Male,5/4/1990
612,Janenna Johnston,Female,1/11/2002
613,Lesli Dressel,Female,6/15/2001
614,Abey Sharrocks,Male,5/2/2002
615,Carlene Arnould,Female,6/17/1996
616,Melita Folca,Female,3/30/1990
617,Etan Dulake,Male,10/15/1999
618,Dena Jeske,Female,8/24/1992
619,Marsiella Chomley,Female,7/23/1996
620,Pippa Petyt,Female,11/4/1997
621,Dasi Wolfindale,Female,7/29/1990
622,Hastings Champniss,Male,5/12/2003
623,Eolande Morland,Female,8/24/2001
624,Hedi Seres,Female,12/21/1992
625,Karlotte Stendall,Female,7/1/1993
626,Gabie Ganny,Agender,12/29/1990
627,Dolley Judkins,Female,3/8/1998
628,Nedda Thonger,Female,5/26/1992
629,Cece Ulyet,Male,2/11/1991
630,Cathyleen Cromett,Female,1/31/1993
631,Kenny Lawrenceson,Male,4/11/1992
632,Christin Parrett,Female,3/31/1995
633,Bertine Scopes,Genderqueer,10/13/1994
634,Silvano Larcombe,Male,1/26/1995
635,Darren Keene,Male,1/2/1990
636,Alejandro McGraffin,Male,10/18/1990
637,Lissie Rivlin,Agender,6/21/2005
638,Hyacinthia Habens,Female,10/20/2001
639,Lula Valenta,Female,8/5/1999
640,Agosto McDill,Male,10/20/1999
641,Rossie Font,Male,3/11/1999
642,Bethina Whittlesea,Female,5/3/2002
643,Bevvy Preshous,Female,3/10/1995
644,Carolee Canete,Female,12/21/2004
645,Talyah Shipston,Female,1/2/2003
646,Mellie Johansen,Female,8/13/1993
647,Lori Lamplough,Female,12/24/1995
648,Tillie Sjollema,Female,4/5/2002
649,Levey Durrett,Male,1/8/2000
650,Melinde Walkington,Female,3/8/2001
651,Jocko Darcy,Male,8/27/1991
652,Dynah Jachtym,Female,7/26/1992
653,Salomi O'Carran,Polygender,9/29/1991
654,Maurits Sier,Male,1/7/1998
655,Antoine Proud,Male,8/31/1996
656,Hubie Fullerlove,Male,3/28/2000
657,Benson Pershouse,Male,1/30/1999
658,Agnola Entwisle,Female,1/20/1996
659,Francisca Curran,Female,10/14/2004
660,Jard Withams,Male,9/29/2005
661,Estrella Puttrell,Female,8/10/2002
662,Curr Eustace,Male,5/24/1993
663,Patton Carverhill,Male,4/30/1993
664,Edouard Bythell,Male,1/23/2005
665,Mariya Wermerling,Female,2/5/1998
666,Kristo Warcop,Male,9/11/1998
667,Kariotta Stucke,Female,10/12/1996
668,Dona Bernardoni,Female,6/23/1992
669,Haily Satterfitt,Male,10/17/1995
670,Mona Gathercoal,Female,6/15/2004
671,Chelsey Grimsdale,Female,7/9/1991
672,Worthy Cawthron,Male,12/7/1997
673,Austin Machin,Male,7/25/1990
674,Dorothea Stouther,Non-binary,12/27/1991
675,Edgard Berthelmot,Male,3/16/1993
676,Chaunce Annetts,Male,7/1/1990
677,Dulcia Piaggia,Female,12/26/1999
678,Elinore Bedlington,Non-binary,2/18/2003
679,Irma Fancott,Genderqueer,10/17/1992
680,Roana Kitley,Female,12/14/2005
681,Ingemar Bowditch,Male,12/29/2005
682,Valaree Eddisford,Female,11/2/2004
683,Christye Evennett,Female,7/15/1990
684,Staffard Weerdenburg,Male,4/1/2004
685,Rubie Ogelsby,Female,4/4/1992
686,Vincent Tournie,Male,1/15/2004
687,Zacharias Mordie,Male,7/22/2002
688,Emera Premble,Female,4/27/1991
689,Sorcha Blaze,Female,3/11/1994
690,Jehanna Murdy,Female,11/12/2001
691,Shaine Pfiffer,Female,6/26/2000
692,Granville Beresfore,Polygender,9/21/1995
693,Berkie Pritchitt,Male,1/30/1995
694,Vaughn Mushart,Male,11/7/2000
695,Eli Bellchamber,Male,5/8/2003
696,Dale Corney,Female,4/10/2004
697,Padraic Lage,Male,10/17/2001
698,Krispin Meddings,Agender,8/4/1997
699,Nathalia Mabb,Female,5/18/1997
700,Ruben Gilchrest,Male,5/12/1990
701,Mela Lewknor,Female,6/14/1996
702,Antony Strongitharm,Male,4/26/2003
703,Jerrylee Dispencer,Female,12/12/2005
704,Guthrie Marner,Male,1/17/1991
705,Linn Fawssett,Genderfluid,1/20/2004
706,Marie Rittmeyer,Female,9/23/2001
707,Lawry Painten,Male,8/22/2005
708,Devlen Pagett,Male,11/12/1998
709,Rosana Swapp,Polygender,5/30/2005
710,Bryce Olifard,Male,11/5/2005
711,Marty Hallahan,Polygender,4/28/2004
712,Rodi Locker,Female,11/9/1999
713,Kerby Penticoot,Non-binary,12/2/2004
714,Obie Deery,Male,8/8/2001
715,Ab Spillane,Male,2/10/2002
716,Derry Retallack,Male,4/10/2000
717,Caroline St. Quintin,Female,11/11/1995
718,Sophronia Merwe,Female,4/22/2004
719,Pincus Sorby,Male,5/15/2003
720,Cully Biss,Male,1/4/2004
721,Marlie Gero,Female,8/4/1993
722,Thedrick Sergant,Male,5/2/1995
723,Flory Aykroyd,Male,10/24/1993
724,Felipa McSkeagan,Female,4/29/2005
725,Barbe Breens,Female,10/21/2003
726,Vyky McNeely,Agender,7/19/2001
727,Karim Figures,Genderfluid,2/11/2002
728,Leopold Oppie,Agender,10/26/1992
729,Gabriel Stuttard,Male,5/3/1996
730,Dominique Boteman,Male,9/21/1993
731,Fernando Griffey,Male,10/18/2001
732,Jeannette Sesons,Female,9/24/1995
733,Palm Davidovics,Genderqueer,9/11/2002
734,Quintina Goor,Female,10/24/2004
735,Thornton MacElroy,Male,3/31/1995
736,Austen Dmych,Male,8/17/1996
737,Morlee MacLaren,Male,3/14/1992
738,Kelsey Stourton,Female,3/20/1997
739,Chandler Ellis,Male,2/2/2005
740,Rachel Shone,Female,3/28/1999
741,Magdalene Collum,Female,3/15/1991
742,Tedmund Baradel,Male,11/12/1993
743,Ethel Euler,Female,1/30/2002
744,D'arcy Pierce,Male,2/25/1993
745,Cindy Gilbey,Female,7/25/1997
746,Dinah Cordey,Female,12/29/1998
747,Vale McGrayle,Polygender,11/21/1990
748,Latisha Haglinton,Female,4/19/2002
749,Steffane Syratt,Female,8/16/2000
750,Charlotta Okie,Female,11/28/2003
751,Devlen Father,Male,9/23/2004
752,Clarinda Hlavecek,Female,10/23/1995
753,Stephanie Bonicelli,Genderqueer,12/14/1999
754,Virge Regenhardt,Male,10/3/2002
755,Amby Sambiedge,Male,3/12/1996
756,Ethelbert Gorse,Male,9/20/1993
757,Carlina Klagges,Female,9/17/2004
758,Mychal Kee,Male,1/3/2003
759,Winni Dietsche,Female,3/19/1998
760,Rick Donizeau,Male,4/25/1998
761,Salli Baguley,Female,2/18/1993
762,Milli Olenikov,Female,9/3/1997
763,Hanan Zimmer,Male,11/7/1994
764,Nero O'Neil,Non-binary,1/2/1996
765,Corrie Gordon-Giles,Genderfluid,9/26/1997
766,Borg Rubinlicht,Male,4/8/2000
767,Ashton Jostan,Male,6/13/1990
768,Erastus Kolin,Male,1/15/1990
769,Ulysses Hould,Male,8/31/1999
770,Lock Speers,Male,9/24/1997
771,Gene Peyto,Female,1/8/1991
772,Catharine Ibeson,Polygender,12/7/1993
773,Concettina Milkins,Female,1/27/2005
774,Spense Itskovitz,Male,5/7/1999
775,Allen Heinke,Male,6/21/1996
776,Harmon Bonin,Male,6/8/1992
777,Torrey Phillipps,Male,9/27/1990
778,Esdras Rodge,Non-binary,9/17/2003
779,Harbert Eggar,Male,12/1/2003
780,Cordi Filippello,Female,9/11/2000
781,Johny Longson,Male,10/25/2001
782,Dario Philipsen,Non-binary,5/27/2004
783,Jodie Worcester,Female,4/20/1996
784,Chip Burnep,Male,8/16/2000
785,Valentino Marriot,Male,7/20/1993
786,Timotheus Brabben,Male,7/8/1997
787,Ursa Darington,Female,8/16/1993
788,Garrek Anstiss,Male,5/6/2002
789,Krishnah Episcopio,Male,9/18/1996
790,Rhodie Catenot,Female,10/30/1995
791,Fernanda Malbon,Female,12/6/2002
792,Dorisa Tokley,Female,2/4/1999
793,Myrle Jossel,Female,5/7/2002
794,Giacobo Poley,Male,10/11/1999
795,Shirlee Knolles-Green,Female,9/5/1998
796,Jozef Mahony,Male,4/6/1996
797,Percival O' Quirk,Male,7/25/2000
798,Honoria Hammonds,Female,5/22/1994
799,Babara Colbron,Female,9/2/2003
800,Parsifal Slucock,Male,2/3/1991
801,Roxine Tape,Female,5/11/2002
802,Joe Hyndes,Male,6/21/2002
803,Byrann Wolland,Male,6/3/1998
804,Christoforo Swalough,Male,4/26/2002
805,Jerrold De Witt,Male,9/16/2005
806,Hogan Lenney,Male,3/31/1998
807,Joete Element,Genderfluid,2/1/1995
808,Kendre Holberry,Female,7/5/1990
809,Gothart Fennick,Male,9/12/2001
810,Emmy Devall,Female,6/5/1992
811,Jared Ghelarducci,Male,4/11/1995
812,Henry Stansall,Non-binary,9/25/1999
813,Suzanna Aitcheson,Female,7/29/2000
814,Ruth Flannigan,Female,8/10/1994
815,Gayelord Killingworth,Male,9/22/1990
816,Jameson Tanguy,Male,11/10/2003
817,Mannie Newhouse,Male,5/15/1994
818,Devora Olanda,Female,10/5/1996
819,Marjory Rickeard,Female,9/19/1995
820,Ber Birdsall,Male,5/10/2005
821,Brittani Colter,Female,7/25/1996
822,Fonzie Pougher,Non-binary,11/30/2003
823,Juline Philp,Female,10/13/1998
824,Evy Kail,Female,10/29/2002
825,Jeanna Chalice,Female,8/20/1999
826,Daniele Bailiss,Female,12/12/1994
827,Burtie Jukes,Male,7/23/1997
828,Silvanus Hatchett,Male,4/30/1997
829,Lynnea Pye,Genderqueer,12/14/2002
830,Harrison Supple,Male,6/28/1996
831,Ian Bulstrode,Male,5/30/2002
832,Estrella Ellice,Female,2/18/1990
833,Gabbey Zambonini,Female,3/12/1997
834,Jaime Greenman,Male,5/22/1998
835,Conroy Goldsack,Non-binary,5/20/1997
836,Ricard Winckles,Male,7/26/1997
837,Arlena Maudsley,Female,4/11/1998
838,Shannon Greir,Male,7/18/1992
839,Dot Costard,Polygender,9/14/2001
840,Scarlett Heeney,Female,7/16/1996
841,Aura Geyton,Genderqueer,5/11/1995
842,Odelle Lis,Female,1/28/2002
843,Conny Pioch,Male,11/10/1990
844,Jeana Epsly,Female,9/17/1998
845,Chancey Veltmann,Male,3/20/2000
846,Joceline Rabbitts,Female,6/21/2005
847,Vilhelmina Crisp,Female,3/29/2002
848,Hillyer Schutt,Male,4/5/1992
849,Margery Hamblen,Genderqueer,7/8/1991
850,Janeczka Spore,Genderfluid,2/7/1991
851,Ives Stranger,Male,8/20/1998
852,Leshia Cakebread,Female,10/18/1991
853,Sherman Roberts,Non-binary,3/13/1993
854,Roseanna Noell,Female,11/18/1992
855,Phillida Jeary,Female,3/13/2003
856,Launce Strutton,Male,6/30/2005
857,Frieda Carmody,Female,12/18/1993
858,Caty Farnsworth,Genderfluid,4/21/1990
859,Roshelle Cracker,Female,1/5/2003
860,Anselma Emmert,Female,11/27/1998
861,Ginny Laise,Bigender,7/14/2001
862,Nora Summerbell,Female,10/16/1998
863,Damita McGrae,Female,7/28/2000
864,Verine Dahlman,Female,6/12/2000
865,Tressa Peschka,Polygender,2/15/2001
866,Jacquie Boucher,Female,9/9/1991
867,Alonso Cullip,Male,5/17/1992
868,Prudence Torbett,Female,6/10/1993
869,Lanna Mobberley,Female,4/24/1994
870,Vinita Sigg,Genderfluid,10/2/1997
871,Tailor Fields,Male,2/1/2003
872,Randolf McInnerny,Male,2/3/2003
873,Tymothy Pegler,Male,12/19/2000
874,Cherish McMillan,Female,12/4/1994
875,Jacky Wigginton,Male,11/29/1991
876,Cherice Whittek,Female,4/2/2002
877,Rice Byrom,Male,1/18/1991
878,Adriana MacKimmie,Female,3/6/2003
879,Waring Covely,Male,2/26/1991
880,Yves Wannes,Male,10/27/1998
881,Philbert Rickert,Male,8/1/1990
882,Dolf Dilrew,Male,9/19/2003
883,Melisa McAlpine,Female,1/11/1996
884,Klaus Feild,Bigender,9/22/1998
885,Paola Posvner,Female,1/29/2002
886,Archaimbaud Harcus,Male,7/20/2000
887,Chan Lowes,Male,11/6/2004
888,Phedra McCudden,Female,11/5/2000
889,Rawley Longford,Male,2/18/1996
890,Myrah Tonkin,Female,11/20/2002
891,Hewe Carver,Male,5/13/2001
892,Sydney Draisey,Male,9/20/2004
893,Dickie Root,Male,4/12/1990
894,Moreen Crone,Female,7/12/1998
895,Torie Craster,Female,3/16/2001
896,Pall Watterson,Male,7/19/1995
897,Caresse Ordidge,Female,7/16/1992
898,Lonny Clemes,Agender,8/9/1998
899,Lari Roseburgh,Female,12/5/2005
900,Regan Lavrinov,Male,2/3/1996
901,Fransisco Beard,Male,7/31/1990
902,Maximilien Sutherel,Male,3/14/1999
903,Kenon Cuschieri,Male,5/20/2005
904,Pansie Yurukhin,Female,2/20/1994
905,Corly Eyden,Bigender,6/17/2002
906,Margy Rubinsohn,Female,12/24/1999
907,Liza Maymand,Female,1/26/1993
908,Camilla Licas,Female,6/18/1999
909,Jeremy Ryall,Male,9/12/2003
910,Beverley Kivelhan,Female,5/7/1994
911,Hobey Bernini,Male,10/7/1997
912,Odele Gann,Non-binary,8/14/1992
913,Tadeo Probbings,Genderqueer,11/24/2001
914,Gabie Treharne,Agender,12/14/2003
915,Shayla Pozzi,Female,2/4/1994
916,Chicky Hargitt,Female,5/21/1996
917,Earl Fursland,Male,12/25/2004
918,Tammy Ponter,Female,2/29/2000
919,Wallache Pine,Male,10/8/1990
920,Wheeler Antonutti,Male,2/13/1998
921,Kendall Olivia,Male,12/12/2004
922,Corbie Karolowski,Male,5/3/1991
923,Maryann Buss,Non-binary,10/14/2003
924,Winnifred Paraman,Female,9/1/2003
925,Belita Curtoys,Female,6/8/1992
926,Ramsay Behnke,Male,1/20/1996
927,Broddie Houseman,Male,4/5/1992
928,Cosimo Rigler,Male,4/4/1993
929,Fitzgerald Shillan,Male,12/19/1996
930,Devinne Ferney,Female,10/2/2000
931,Pippy Devine,Female,3/10/1999
932,Rudiger Davydenko,Male,6/2/2004
933,Leoline Crotch,Female,4/16/1992
934,Marc Solomonides,Male,1/30/2004
935,Ives Ghelerdini,Male,10/18/2004
936,Odelia Delos,Genderqueer,4/28/2001
937,Emory Giorgione,Male,5/5/2000
938,Darcey Buck,Female,9/18/2003
939,Clarence O'Hallagan,Genderqueer,7/20/2004
940,Pier Casebourne,Female,3/13/2000
941,Westleigh Heersma,Male,7/28/1999
942,Yancey Gordon,Male,4/20/2000
943,Edythe Harrod,Female,1/17/2004
944,Gabriellia Bradman,Female,11/14/1993
945,Vale Castaignet,Female,9/5/1998
946,Marlon McKimm,Male,6/16/1997
947,Borg Abramamovh,Male,7/24/2004
948,Cobby Merrigans,Male,1/31/1995
949,Erminia Yuryev,Female,3/12/1996
950,Farly Hehl,Male,6/19/2002
951,Bernarr Bragger,Male,12/26/1999
952,Baily Braven,Male,5/31/1991
953,Agustin Skillanders,Male,12/26/2004
954,Rafaello Raithby,Male,4/19/2005
955,Gabrielle Wallworke,Female,10/10/1995
956,Kirbie MacCrossan,Female,1/9/1996
957,Mellie Eede,Female,12/7/1993
958,Philippe Ianelli,Female,1/1/2004
959,Braden Petris,Male,11/22/2003
960,Benton Leadbetter,Male,1/22/1992
961,Warden Cominello,Male,4/18/2005
962,Abeu Cragoe,Male,5/6/1996
963,Sherm Farnin,Male,5/21/1999
964,Ola Rodder,Female,5/14/1991
965,Baxy Barham,Male,9/17/2000
966,Briant Proom,Genderqueer,9/30/2001
967,Rosalia Grut,Genderfluid,1/23/2000
968,Lauree Dow,Female,9/12/1998
969,Giselbert Cruickshank,Male,5/11/2005
970,Anni Bernuzzi,Polygender,12/20/2003
971,Melesa Stellman,Female,7/3/2005
972,Omar Gavozzi,Male,3/7/2003
973,Keir Gorham,Male,12/30/2000
974,Candida Rubberts,Female,11/27/1998
975,Jennette Goldsack,Female,12/31/1996
976,Durante Lebreton,Male,11/9/2001
977,Gerri Nijssen,Male,10/10/2005
978,Yorke Greim,Male,10/6/2001
979,Yves Sheard,Male,1/5/1999
980,Merrill Tutill,Female,11/6/2005
981,Carmella Kegg,Female,3/28/2001
982,Evered Gravenor,Male,1/13/1994
983,Dalston Henriques,Male,6/6/1999
984,Kim McAnalley,Male,3/13/1991
985,Antonia Mielnik,Female,12/30/2004
986,Karlotte Osbourne,Female,5/6/1998
987,Dudley Grzelczak,Male,9/21/2004
988,Kitty Riddett,Female,4/28/1994
989,Olga Partener,Female,5/2/1993
990,Richart Matura,Male,6/19/2000
991,Ailee Labusquiere,Female,3/11/1993
992,Perice Gregoriou,Male,10/22/1994
993,Pia Bulger,Female,4/12/1990
994,Lauren Keynes,Genderqueer,2/14/2001
995,Beale Daile,Male,4/24/1999
996,Carlos McGlynn,Male,9/30/1996
997,Jarrad Stiegar,Male,1/29/2002
998,Scarlet Dondon,Female,5/25/2001
999,Ansel Chittenden,Male,8/19/1996
1000,Rosalynd Neno,Female,11/2/1995